[
        {
            "title": "Lack of Training Led Capitol Police to Temper Riot Response, Watchdog Says",
            "description": "The force’s inspector general testified that a top official ordered officers not to use their most powerful anti-riot tools on Jan. 6 because of concerns they did not know how.",
            "publishAt": "April 15, 2021",
            "imageUrl": "https://static01.nyt.com/images/2021/04/15/us/politics/15dc-riot/15dc-riot-facebookJumbo.jpg"
        },
        {
            "title": "A Partial List of Mass Shootings in the United States in 2021",
            "description": "The shootings never stopped during the coronavirus pandemic, they just became less public, researchers say.",
            "publishAt": "April 16, 2021",
            "imageUrl": "https://static01.nyt.com/images/2021/04/16/us/mass-shootings-list-promo-1618587653312/mass-shootings-list-promo-1618587653312-facebookJumbo-v12.png"
        },
        {
            "title": "After Years of Wrangling, World War I Memorial Raises First Flag",
            "description": "As the United States withdraws from its longest war, a memorial that recognizes one of its most complicated ones officially opens in Washington, D.C., on Friday.",
            "publishAt": "April 16, 2021",
            "imageUrl": "https://static01.nyt.com/images/2021/04/16/us/politics/16DCDC-MEMORIAL-1/16DCDC-MEMORIAL-1-facebookJumbo.jpg"
        },
        {
            "title": "Hiker Rescued After Man Uses Photo to Pinpoint His Location",
            "description": "Rene Compean, who had been missing in the mountains of Southern California, was found on Tuesday after a stranger deduced his location from a photo posted by the authorities.",
            "publishAt": "April 10, 2021",
            "imageUrl": "https://static01.nyt.com/images/2021/04/15/multimedia/15xp-hiker-image2/15xp-hiker-image2-articleLarge.jpg?quality=75&auto=webp&disable=upscale"
        }
]
